<?xml version="1.0" encoding="UTF-8"?>
<!DOCTYPE mapper PUBLIC "-//mybatis.org//DTD Mapper 3.0//EN" "http://mybatis.org/dtd/mybatis-3-mapper.dtd">
<mapper namespace="member">
	<!-- 
	<select id="total" resultType="Integer">
		SELECT COUNT(*) FROM member
	</select>
	 -->
	
	<select id="list" resultType="Member">
		SELECT * FROM member
		
		<!-- 		
		<if test="perPage != 0">
		<![CDATA[
		WHERE rnum > ((#{page} - 1) * #{perPage}) AND rnum <= (#{page} * #{perPage})
		]]>
		</if>
		-->
	</select>
	
	<select id="item" resultType="Member">
		SELECT * FROM member
		WHERE id=#{id}
	</select>
	
	<insert id="add">
		INSERT INTO member
		VALUES (#{id},#{passwd},#{name},#{nickname},#{mail},#{role})
	</insert>
	
	<update id="update">
		UPDATE member
		SET passwd=#{passwd},name=#{name},nickname=#{nickname},mail=#{mail},role=#{role}
		WHERE id=#{id}
	</update>
	
	<delete id="delete">
		DELETE FROM member
		WHERE id=#{id}
	</delete>
	
</mapper>